"Emp ID","Name","DOB","SSN","State"
"214","Sarah Simpson","04/12/1985","***-**-8166","Florida"
"15","Samantha Lara","08/09/1993","***-**-7526","Colorado"
"411","Stacy Charles","20/12/1957","***-**-8526","Pennsylvania"
"166","Michelle Roy","29/07/1978","***-**-3944","Michigan"
"39","Joseph Rogers","28/03/1985","***-**-3515","Minnesota"
"423","Erica Hines","13/10/1975","***-**-6153","New York"
"192","Zoe Patel","20/12/1967","***-**-0817","Wisconsin"
"162","Matthew Harvey","20/01/1990","***-**-0346","Tennessee"
"131","Shawn Davis","21/07/1961","***-**-1581","West Virginia"
"20","April Baldwin","07/08/1961","***-**-2014","Missouri"
"246","Vincent Daniels","06/01/1972","***-**-2754","Montana"
"525","Ann Fields","22/08/1960","***-**-7911","Iowa"
"392","Jeffrey Pearson","05/05/1979","***-**-2578","Illinois"
"474","Heather Johnson","23/09/1989","***-**-0904","Georgia"
"478","Melissa Fletcher","14/03/1979","***-**-6881","Rhode Island"
"101","Kimberly Alvarez","04/09/1984","***-**-8680","Louisiana"
"52","Monica Jimenez","08/04/1988","***-**-1668","North Dakota"
"182","Steven Johnson","28/05/1962","***-**-7070","Nebraska"
"637","Sarah Wood","15/06/1972","***-**-6715","Florida"
"510","Jesus Petersen","28/03/1958","***-**-0770","Oklahoma"
"122","Rhonda Rosales","10/04/1963","***-**-0286","Alabama"
"294","Nicole Richardson","09/09/1981","***-**-5228","Louisiana"
"327","Jennifer Mendez","20/07/1977","***-**-1994","Oregon"
"145","Sandra Petty","30/01/1981","***-**-7629","North Carolina"
"565","Michael Hester","13/04/1987","***-**-6836","South Dakota"
"590","Joseph Brown","28/08/1982","***-**-4744","New Hampshire"
"340","Michelle Cooper","23/08/1993","***-**-2306","Washington"
"176","Barbara Wise","15/12/1991","***-**-7662","Indiana"
"63","Carol Rosales","20/07/1984","***-**-4907","New Jersey"
"121","Mark Villa","24/02/1969","***-**-2207","Mississippi"
"70","Russell Orozco","16/09/1973","***-**-5514","Mississippi"
"446","Michelle Sanchez","21/08/1994","***-**-5222","Oklahoma"
"156","Briana Ayala","31/10/1965","***-**-4542","Connecticut"
"343","Shane Roberts","14/12/1958","***-**-6030","Hawaii"
"599","Cassandra Morris","24/01/1973","***-**-3831","Montana"
"102","Krista Thompson","25/07/1984","***-**-7445","Kentucky"
"377","Jon Bennett","13/09/1957","***-**-1689","New Mexico"
"240","April Thomas","03/12/1993","***-**-3580","Colorado"
"455","Haley Martinez","15/01/1968","***-**-3736","Idaho"
"503","Isaac Stafford","25/11/1989","***-**-5036","South Dakota"
"269","John Martinez","06/01/1987","***-**-3936","New Hampshire"
"219","John Phillips","08/12/1982","***-**-4070","West Virginia"
"301","Gary Shelton","11/09/1978","***-**-9672","South Dakota"
"84","Amanda Gordon","12/10/1969","***-**-2966","Maine"
"588","Jessica Holt","12/09/1963","***-**-6084","Nebraska"
"540","Stephanie Estes","15/07/1966","***-**-9779","South Dakota"
"329","Jessica Brown","01/02/1992","***-**-7328","Mississippi"
"74","Donna Manning","19/05/1973","***-**-7781","New Mexico"
"29","Nicholas Owens","20/08/1991","***-**-7882","Virginia"
"92","Wendy Ryan","13/05/1960","***-**-0741","Arizona"
"489","Kimberly Hooper","08/09/1971","***-**-3136","Georgia"
"561","Deborah Gonzalez","28/05/1975","***-**-0643","Montana"
"44","Laura Yoder","18/04/1987","***-**-3016","Indiana"
"138","Kimberly Velez","07/03/1958","***-**-0707","Arizona"
"623","Kevin Garcia","15/05/1973","***-**-4337","Oklahoma"
"173","Marcia Jones","20/11/1972","***-**-0963","North Dakota"
"148","Nicole Baldwin","11/08/1978","***-**-5508","Nevada"
"184","Katherine Juarez","13/02/1986","***-**-8687","California"
"228","Paula Thompson","22/09/1985","***-**-7734","North Carolina"
"117","Joan Hoover","27/02/1973","***-**-5429","New Mexico"
"544","Stephen Simon","28/11/1962","***-**-1621","Nevada"
"116","Rebecca Taylor","30/09/1962","***-**-9126","Minnesota"
"622","Lindsay Owens","28/04/1973","***-**-6742","Delaware"
"376","Justin Payne","03/07/1983","***-**-7892","Alaska"
"100","Michelle Thornton","25/01/1961","***-**-4112","Georgia"
"222","Timothy Hill","11/08/1985","***-**-4460","South Carolina"
"506","Karen Johnson","05/01/1976","***-**-5174","Ohio"
"59","Alexis Mcintosh","01/03/1962","***-**-9185","Kentucky"
"456","Susan Fitzgerald","18/09/1961","***-**-3222","Alabama"
"389","Amber Stewart","26/08/1958","***-**-3120","Ohio"
"236","Taylor Evans","17/07/1983","***-**-2641","New Jersey"
"78","Tracy Knight","27/09/1993","***-**-8339","Idaho"
"253","Jason Parks","27/02/1981","***-**-2601","Arizona"
"67","Jonathan Carroll","15/06/1973","***-**-7126","South Carolina"
"642","Sara Wallace","21/06/1959","***-**-6918","Mississippi"
"279","Jeffrey Mitchell","23/05/1969","***-**-4559","Utah"
"41","April West","11/03/1986","***-**-9544","Delaware"
"30","Ryan Reynolds","05/02/1973","***-**-2883","Indiana"
"462","Rachel Bell","24/07/1989","***-**-1379","Alabama"
"87","Amber Williamson","20/06/1984","***-**-4567","Louisiana"
"26","Tony Park","08/10/1968","***-**-7749","Utah"
"553","Robert Jefferson","04/10/1981","***-**-6302","Ohio"
"151","Sarah Hernandez","05/07/1987","***-**-5549","Wyoming"
"523","Margaret Foley","19/12/1968","***-**-4633","California"
"434","Tina Christensen","01/03/1988","***-**-0333","Tennessee"
"1","Isaac Gomez","16/10/1987","***-**-4728","Wyoming"
"365","Phillip Davis","24/04/1961","***-**-5132","Vermont"
"230","Brian Douglas","18/09/1979","***-**-9324","Nevada"
"357","Teresa Wilson","12/08/1994","***-**-9378","Indiana"
"142","Timothy Wilson","21/11/1993","***-**-1270","West Virginia"
"606","Lori Davies","21/08/1980","***-**-9489","Alaska"
"129","Brittany Stone","21/11/1985","***-**-0950","Colorado"
"34","Matthew Rogers","09/03/1974","***-**-2560","California"
"190","Francisco Gardner","18/08/1972","***-**-0367","Wisconsin"
"259","Ashley Patrick","06/12/1979","***-**-7953","Oregon"
"471","Brandi Frey","23/07/1979","***-**-2997","Maryland"
"362","Garrett Kelley","20/12/1974","***-**-1192","Pennsylvania"
"620","Robert Barron","19/04/1985","***-**-0735","Nebraska"
"299","Lee Serrano","19/06/1967","***-**-0867","West Virginia"
"213","Jessica Vance","30/04/1959","***-**-9076","Delaware"
"427","Russell Ashley","15/02/1973","***-**-2395","Ohio"
"105","Catherine Richardson","03/10/1989","***-**-2969","Wyoming"
"260","Sheri Hamilton","12/03/1986","***-**-9319","New Hampshire"
"547","Craig Strickland","27/02/1968","***-**-3498","North Dakota"
"28","Brandon Hall","30/09/1969","***-**-6416","Alaska"
"486","Karla Adams","18/11/1962","***-**-7524","Vermont"
"300","Ernest Washington","15/07/1990","***-**-9800","Florida"
"501","John Owens","15/05/1989","***-**-7554","Montana"
"584","Roberto Farmer","04/05/1968","***-**-3936","Louisiana"
"453","Tom Bailey","24/01/1980","***-**-1663","Iowa"
"16","Jennifer White","17/01/1966","***-**-1698","Michigan"
"185","Courtney Mendez","25/11/1961","***-**-8268","Nebraska"
"223","Jasmine Miller","13/05/1971","***-**-2427","Maryland"
"290","Amy Bryan","24/06/1969","***-**-2636","California"
"71","Melvin Pruitt","06/05/1994","***-**-4970","Alaska"
"73","Amanda Carrillo","25/10/1957","***-**-8942","Mississippi"
"549","Anthony Nguyen","10/03/1987","***-**-6484","North Dakota"
"359","Kaitlyn Charles","23/11/1965","***-**-7712","New Hampshire"
"631","Rebecca Pollard","17/03/1977","***-**-9010","Florida"
"585","James Jackson","02/09/1987","***-**-8491","Maine"
"641","Gina Jones","05/02/1964","***-**-3596","Hawaii"
"564","Tyler Woodward","06/05/1983","***-**-7298","Kansas"
"149","Hannah Schultz","28/12/1984","***-**-7228","New York"
"430","Anthony Sims","20/04/1976","***-**-1311","Connecticut"
"587","Jessica Wallace","02/05/1981","***-**-7152","Wisconsin"
"420","Jonathan Pearson","03/01/1980","***-**-7840","Vermont"
"625","Richard Hunt","17/09/1987","***-**-9513","Indiana"
"319","Madison Ballard","11/03/1966","***-**-3750","Delaware"
"18","Kathryn Blair","07/08/1993","***-**-8028","Georgia"
"535","Kristina Patterson","28/03/1958","***-**-5885","Connecticut"
"417","Kathryn Bryant","09/04/1957","***-**-8017","Colorado"
"391","Jerry Ayala","02/03/1982","***-**-9737","Washington"
"274","Karen Rodriguez","30/07/1994","***-**-3813","Connecticut"
"270","Daniel Jacobs","24/04/1972","***-**-6724","Texas"
"537","Stephanie Campbell","30/08/1968","***-**-3547","Tennessee"
"341","Michael Pacheco","29/04/1977","***-**-6378","Louisiana"
"402","Steven Garcia","01/04/1991","***-**-9437","Montana"
"476","Brenda Hall","15/07/1957","***-**-7869","Texas"
"367","Rhonda Smith","27/06/1969","***-**-5595","Maine"
"407","Tracy Francis","26/01/1960","***-**-8950","Vermont"
"280","Dawn Fernandez","14/04/1981","***-**-9216","Nebraska"
"524","Matthew Wells","29/08/1958","***-**-2780","Florida"
"57","Joel Walker","20/09/1979","***-**-6637","Florida"
"312","Paula Shea","15/08/1978","***-**-1746","Ohio"
"649","Paul Bell","23/05/1976","***-**-7411","Wisconsin"
"488","Frederick Roberson","02/01/1978","***-**-0114","Michigan"
"139","Melissa Armstrong","17/03/1959","***-**-9454","Oregon"
"412","Jennifer Alexander","15/01/1969","***-**-9026","Alaska"
"5","Cassandra Perez","02/09/1986","***-**-1151","Illinois"
"153","Anthony Austin","17/12/1965","***-**-9162","Wisconsin"
"321","Cynthia Jones","11/08/1976","***-**-3428","Rhode Island"
"541","Oscar Bernard","07/04/1990","***-**-5243","Illinois"
"406","Amanda Hendrix","19/11/1980","***-**-7721","Arkansas"
"204","Vincent Henry","22/08/1961","***-**-5624","Utah"
"567","Lauren Bush","19/12/1976","***-**-3299","Georgia"
"187","Stacey Bates","17/06/1961","***-**-1470","California"
"460","Amanda Khan","16/04/1971","***-**-9388","Nebraska"
"212","Amanda Sutton","07/12/1973","***-**-2368","Arkansas"
"617","Joshua Li","20/03/1992","***-**-6050","Idaho"
"353","Becky Kennedy","05/04/1987","***-**-4807","Michigan"
"383","Laura Espinoza","04/09/1978","***-**-5712","Florida"
"91","Joshua Murphy","31/12/1970","***-**-7318","Wisconsin"
"429","Randall Bowen","11/04/1969","***-**-0666","Texas"
"40","Michelle Pham","31/07/1979","***-**-2595","South Carolina"
"298","Emily Thomas","10/07/1974","***-**-6906","Rhode Island"
"400","Jessica Kelley","15/12/1976","***-**-4271","Kentucky"
"480","Jeffrey Brown","23/12/1968","***-**-7392","Washington"
"375","Jennifer Keith","24/11/1990","***-**-2614","Arkansas"
"626","Joshua Romero","14/10/1979","***-**-4169","New Mexico"
"97","Frank Walker","13/12/1976","***-**-5611","Arizona"
"291","Cody Lindsey","29/01/1965","***-**-8099","Alabama"
"614","Cody Baker","09/03/1979","***-**-5896","Vermont"
"552","Jaclyn Wall","13/12/1985","***-**-5336","South Dakota"
"338","Kaitlyn Roy","15/06/1965","***-**-0939","Minnesota"
"513","Allison Lee","04/04/1994","***-**-8932","Utah"
"231","Heather Patterson","08/06/1969","***-**-2886","West Virginia"
"443","Carrie Thomas","08/08/1980","***-**-8236","Massachusetts"
"140","David Gutierrez","14/08/1967","***-**-9234","Nebraska"
"96","Harold Robinson","20/08/1965","***-**-7098","New Mexico"
"531","Alex Graham","27/11/1978","***-**-6911","Kentucky"
"403","Steven Thompson","01/01/1978","***-**-0637","New Jersey"
"580","Barbara Martin","11/11/1971","***-**-5120","Nebraska"
"113","Theresa Cochran","23/02/1976","***-**-2404","Iowa"
"289","Michael Madden","05/09/1964","***-**-2946","Colorado"
"247","Brian Chase","01/05/1989","***-**-3628","Arizona"
"472","Carolyn Rodriguez","16/11/1962","***-**-2185","Rhode Island"
"582","Breanna Williams","03/06/1994","***-**-8593","North Carolina"
"265","Anne Cook","11/11/1981","***-**-8560","New York"
"281","Tara Bowers","22/09/1975","***-**-7048","New York"
"330","Joyce Hall","10/10/1980","***-**-4819","Virginia"
"372","Sydney George","24/01/1959","***-**-8264","Florida"
"628","Lindsay Williams","19/09/1977","***-**-4792","Nevada"
"445","Darrell Thomas","14/03/1986","***-**-2653","Utah"
"316","Thomas Knight","07/08/1965","***-**-2441","New Jersey"
"499","Carolyn Diaz","20/04/1991","***-**-2117","Delaware"
"528","Karen Ball","13/04/1986","***-**-9411","North Dakota"
"242","Ronald Richardson","20/04/1988","***-**-6742","Georgia"
"632","Donna Williams","01/09/1986","***-**-3144","Mississippi"
"313","Molly Wright","23/02/1991","***-**-7938","Washington"
"89","Jeffrey Mcintyre","02/06/1974","***-**-8359","Kansas"
"130","Tabitha Parks","19/01/1975","***-**-8386","Iowa"
"3","Melissa Padilla","08/12/1982","***-**-9382","Montana"
"586","George Harris","15/11/1979","***-**-2111","Arizona"
"355","Cheryl Hancock","03/09/1993","***-**-2522","Idaho"
"532","Jeffrey Paul","12/01/1972","***-**-0457","Montana"
"326","Wendy Jones","20/04/1979","***-**-4078","New York"
"225","Elizabeth Johnson","01/12/1981","***-**-8375","Arkansas"
"191","Charles Green","22/05/1990","***-**-9288","South Carolina"
"444","Jeffrey Cooper","14/12/1970","***-**-7671","Maryland"
"490","Judith Brooks","25/01/1971","***-**-6779","Indiana"
"609","Amanda Ramsey","10/04/1971","***-**-2683","South Carolina"
"47","Stephen Oliver","27/12/1984","***-**-5500","California"
"508","Nancy Rodriguez","13/02/1988","***-**-1027","Maryland"
"388","Joshua Powers","13/05/1971","***-**-4897","Florida"
"331","Lisa Stein","07/02/1980","***-**-2075","California"
"264","Jessica Martin","18/08/1967","***-**-8568","Nevada"
"589","George Hardy","17/04/1990","***-**-4162","New Mexico"
"278","Jonathan Carney","08/11/1990","***-**-0506","Colorado"
"526","Carol Robertson","01/02/1959","***-**-6248","Illinois"
"205","Susan Zhang","18/03/1983","***-**-5874","Connecticut"
"199","Christopher Cameron","30/08/1969","***-**-1053","New York"
"550","Paul Ramsey","14/05/1990","***-**-6565","Maryland"
"103","David Torres","26/03/1971","***-**-5176","Mississippi"
"465","Barbara Roberts","22/10/1993","***-**-9440","Kansas"
"348","Nicholas Dunn","22/05/1985","***-**-1196","Maryland"
"158","John Long","09/10/1966","***-**-8394","Nebraska"
"361","Shelby Porter","09/01/1992","***-**-7391","Maine"
"610","Judith Robinson","29/08/1973","***-**-3792","Florida"
"235","Justin Holt","19/09/1969","***-**-2854","Wyoming"
"442","Laura Valdez","14/09/1988","***-**-2068","Illinois"
"215","Jesse Rosales","29/12/1989","***-**-0642","West Virginia"
"17","Amy Duran","02/04/1992","***-**-5581","Minnesota"
"363","Joshua Williams","06/11/1976","***-**-1375","Indiana"
"438","Robert Davis","28/03/1986","***-**-0776","Nebraska"
"111","Lisa Houston","27/06/1966","***-**-5946","Ohio"
"396","Timothy Williams","27/11/1978","***-**-5842","Illinois"
"255","Kim Finley","09/03/1973","***-**-6351","South Carolina"
"226","Andrew Lopez","11/06/1962","***-**-7248","Tennessee"
"652","Veronica Herrera","22/10/1958","***-**-4723","Iowa"
"64","Bob Murphy","14/01/1982","***-**-8100","South Dakota"
"415","Timothy Duncan","25/09/1977","***-**-7493","Indiana"
"354","David Sandoval","26/11/1985","***-**-6963","West Virginia"
"517","Tony Graves","19/10/1980","***-**-5360","Idaho"
"292","Andrea Fuller","17/07/1981","***-**-0698","Washington"
"579","William Carney","16/06/1974","***-**-3440","Wyoming"
"181","Daniel Dominguez","15/11/1992","***-**-9595","Kentucky"
"556","David Franco","30/10/1983","***-**-2451","New York"
"351","Justin Ortiz","29/01/1961","***-**-6761","Alaska"
"405","Sara Jarvis","23/07/1964","***-**-3953","West Virginia"
"647","Adam Green","09/05/1988","***-**-5674","Tennessee"
"646","Debra Flores","02/04/1969","***-**-7111","Kansas"
"79","Jennifer Adams","04/12/1988","***-**-1210","Rhode Island"
"371","Lori Sosa","14/06/1988","***-**-7062","Michigan"
"542","Cory Mora","27/03/1985","***-**-0325","Nevada"
"261","Denise Hughes","20/09/1966","***-**-7879","Utah"
"368","Anthony Jenkins","05/09/1957","***-**-0437","Massachusetts"
"439","Leonard Soto","17/10/1986","***-**-1991","Nebraska"
"82","Donald Todd","16/07/1960","***-**-6930","Michigan"
"431","Christopher Long","24/08/1979","***-**-2737","Vermont"
"155","Donald Pierce","27/02/1976","***-**-1562","New Jersey"
"189","Matthew Sullivan","25/02/1986","***-**-6697","Mississippi"
"393","Brianna Stevens","11/06/1965","***-**-4666","Montana"
"451","Jacqueline Villegas","13/02/1981","***-**-8948","South Carolina"
"22","Mary Diaz","18/02/1964","***-**-8701","Georgia"
"470","Steven Taylor","01/12/1985","***-**-1803","New Hampshire"
"384","Edward Jimenez","19/08/1980","***-**-1355","Kentucky"
"7","John Joseph","07/01/1992","***-**-0413","Pennsylvania"
"258","Jared Fletcher","16/07/1977","***-**-9304","Vermont"
"568","Kathleen Hill","04/02/1970","***-**-3356","New Hampshire"
"56","Johnny Warner","16/08/1965","***-**-4164","New Hampshire"
"621","Frank Smith","08/02/1971","***-**-1100","Illinois"
"49","Stephanie Thompson","26/03/1957","***-**-6249","Rhode Island"
"397","Angela Cannon","13/09/1992","***-**-3459","Kansas"
"36","Trevor Robinson","26/04/1967","***-**-3462","West Virginia"
"33","Gregory Powers","19/05/1969","***-**-8879","Kansas"
"224","Michael Sparks","03/11/1982","***-**-6809","North Carolina"
"634","George Flores","31/01/1989","***-**-0195","Iowa"
"144","Michael Hall","22/01/1986","***-**-0161","Arizona"
"491","Susan Williamson","27/05/1973","***-**-0355","Indiana"
"309","Luis Norton","11/05/1988","***-**-6955","Wisconsin"
"211","Victoria Pearson","07/03/1990","***-**-5518","North Dakota"
"475","Roger Nichols","13/01/1976","***-**-4515","Oregon"
"493","Jenny Mills","10/11/1983","***-**-1434","Wisconsin"
"128","Joshua Moore","30/09/1965","***-**-8369","Pennsylvania"
"262","James Carr","25/02/1979","***-**-8546","Alabama"
"597","David Lane","21/04/1974","***-**-4614","Minnesota"
"325","Beth Reese","30/04/1961","***-**-1223","Pennsylvania"
"573","Lindsay Thompson","24/09/1986","***-**-1306","Kansas"
"55","Amber Taylor","27/04/1982","***-**-6610","New York"
"132","Oscar Yates","03/04/1977","***-**-0620","Illinois"
"401","Anthony Cooper","04/06/1994","***-**-2490","California"
"483","Tracie Harrison","01/07/1983","***-**-7833","Delaware"
"424","Corey Herrera","08/11/1970","***-**-3228","Oregon"
"188","Anthony Kim","04/11/1981","***-**-7043","Wyoming"
"272","Kendra Marshall","11/09/1967","***-**-2658","Indiana"
"545","Debbie Chang","17/02/1993","***-**-8022","Pennsylvania"
"193","Miranda Simmons","27/03/1964","***-**-2359","Illinois"
"593","Catherine Murphy","11/08/1968","***-**-6401","Rhode Island"
"463","Nicholas Shelton","07/06/1984","***-**-0704","Georgia"
"334","Laura Winters","05/07/1969","***-**-4775","Georgia"
"596","Jill Barr","07/04/1983","***-**-7889","Minnesota"
"373","Lauren Ritter","26/12/1970","***-**-7600","Kansas"
"635","Anthony Short","07/06/1986","***-**-6004","Wyoming"
"315","Patrick Yates","07/05/1967","***-**-4036","North Carolina"
"120","Brett Mitchell","20/01/1976","***-**-8337","Wisconsin"
"110","Andrea Boone","05/02/1983","***-**-1089","Colorado"
"68","Charles Alvarez","01/02/1993","***-**-5142","Montana"
"14","Jeff Garner","21/12/1978","***-**-2191","Massachusetts"
"200","Natalie Williams","14/06/1971","***-**-2753","Massachusetts"
"62","Tracy King","17/11/1969","***-**-0822","North Carolina"
"263","Michael Huang","14/02/1990","***-**-6162","South Carolina"
"257","Ray Miller","09/03/1968","***-**-5774","California"
"61","Tracey Powers","28/04/1976","***-**-5107","Wyoming"
"107","Alexander Moore","05/07/1992","***-**-4136","Hawaii"
"322","Lisa Fisher","05/01/1977","***-**-4670","New Mexico"
"2","Tamara Gentry","03/04/1987","***-**-7430","South Carolina"
"81","Christopher Fitzgerald","19/04/1992","***-**-7096","Massachusetts"
"337","Jose Olson","20/01/1991","***-**-7256","Pennsylvania"
"93","Carrie Wallace","07/02/1966","***-**-8007","Georgia"
"366","Crystal Smith","30/04/1991","***-**-6884","New York"
"287","Caroline Edwards","20/10/1959","***-**-7816","Nevada"
"66","Carol Baker","01/08/1959","***-**-8196","Oregon"
"243","Alexandra Ward","27/12/1973","***-**-3414","Arkansas"
"603","Krystal Townsend","15/05/1990","***-**-6839","Arizona"
"277","Melanie Elliott","21/06/1976","***-**-2869","Minnesota"
"583","Tracey Barajas","09/01/1973","***-**-9722","Arkansas"
"268","Eric Barker","09/12/1976","***-**-2136","Georgia"
"234","Olivia Elliott","15/09/1991","***-**-7631","New Mexico"
"320","Daniel Reed","24/12/1969","***-**-3333","New Jersey"
"461","Roberto Pierce","03/07/1964","***-**-9982","Missouri"
"232","Lawrence Stewart","15/06/1987","***-**-1303","Missouri"
"13","Michael Snow","17/02/1965","***-**-2820","Kansas"
"108","Ashley Cruz","09/09/1973","***-**-3168","Massachusetts"
"216","Jesus Hobbs","10/12/1975","***-**-2648","Mississippi"
"304","Jody Riley","08/01/1978","***-**-6681","Connecticut"
"94","Joseph Scott","23/11/1993","***-**-4445","Maryland"
"171","Eric Sullivan","05/01/1993","***-**-8141","South Carolina"
"466","Christopher Cervantes","09/11/1975","***-**-7919","Vermont"
"498","Jennifer Leon","03/02/1959","***-**-2413","Arkansas"
"180","Victor Fuentes","07/12/1957","***-**-5844","Washington"
"9","Christine Marshall","05/12/1972","***-**-6538","Alabama"
"170","Amanda Garcia","03/12/1961","***-**-1013","New Jersey"
"172","Nancy Holloway","13/03/1983","***-**-4965","Alaska"
"46","Kimberly Banks","03/07/1990","***-**-7861","Arizona"
"576","Laura King","04/06/1971","***-**-5040","Arizona"
"11","Robert Mendoza","23/04/1982","***-**-0627","Iowa"
"80","Jessica Black","11/12/1981","***-**-6296","Kentucky"
"77","Cynthia Duffy","08/07/1990","***-**-0500","North Carolina"
"555","Aaron Henry","15/10/1978","***-**-3379","Michigan"
"95","Autumn Peterson","02/01/1965","***-**-9763","Oklahoma"
"595","Danielle Murphy","15/08/1963","***-**-0413","Texas"
"543","Deborah Hoffman","20/10/1986","***-**-9690","Montana"
"227","Kathy Palmer","19/07/1972","***-**-3934","Arkansas"
"572","Tim Smith","22/04/1967","***-**-8047","North Carolina"
"387","Renee Campbell","09/11/1970","***-**-2594","Missouri"
"380","Bryan Mcdaniel","19/04/1959","***-**-4659","Florida"
"203","Rhonda Flores","13/12/1974","***-**-3754","West Virginia"
"636","Jonathan Wright","17/06/1963","***-**-8490","Missouri"
"256","Sydney King","12/01/1977","***-**-5923","Florida"
"85","Janet Gonzales","08/12/1972","***-**-0243","Utah"
"520","Steve Russell","19/08/1978","***-**-9820","Washington"
"233","Craig Pennington","25/12/1957","***-**-8248","North Dakota"
"410","Andrew Thomas","11/04/1963","***-**-7838","Massachusetts"
"485","Miguel Woods","10/06/1992","***-**-1852","Maine"
"630","Samuel Anderson","02/03/1969","***-**-9480","South Carolina"
"295","Cynthia Clarke","29/05/1962","***-**-8148","Massachusetts"
"487","Adam Mcgrath","20/06/1960","***-**-3185","Alaska"
"616","Courtney Oconnell","03/04/1984","***-**-3672","South Dakota"
"435","Brandon Hudson","07/08/1966","***-**-4780","Illinois"
"349","Rachel Lewis","06/02/1985","***-**-5213","Georgia"
"557","Manuel Rodriguez","07/03/1981","***-**-0042","Washington"
"425","Gregory Wilkinson","23/08/1984","***-**-6395","North Carolina"
"273","Donna Lopez","03/08/1962","***-**-6360","New Hampshire"
"69","David Scott","10/03/1992","***-**-0749","Mississippi"
"571","Gregory Maxwell","21/11/1977","***-**-7057","Nevada"
"169","Daniel Wilkins","24/09/1975","***-**-4870","Mississippi"
"495","Jonathan Henry","08/06/1989","***-**-2026","Montana"
"350","Heather Shepherd","17/09/1984","***-**-2527","Washington"
"395","Cindy Munoz","30/10/1986","***-**-0435","New Hampshire"
"75","Dalton Bowman","24/12/1977","***-**-8792","Maine"
"244","Jon Clark","18/06/1967","***-**-8771","Tennessee"
"509","Amber Meyer","04/09/1983","***-**-5604","Louisiana"
"339","Steven Madden","18/06/1972","***-**-9767","Indiana"
"534","Victoria Lewis","04/01/1971","***-**-6283","Washington"
"419","Karl Dudley","14/12/1974","***-**-6649","Texas"
"386","Alicia Stone","24/12/1966","***-**-8324","Colorado"
"328","Max Mckay","17/08/1960","***-**-4918","South Carolina"
"612","Richard Brown","30/06/1979","***-**-0117","Montana"
"502","Heather Case","22/12/1971","***-**-1698","Arkansas"
"390","Amy Gonzalez","12/10/1965","***-**-2150","Utah"
"404","Brandon Armstrong","12/12/1973","***-**-5658","Arizona"
"159","Terrance Ewing","15/01/1981","***-**-5340","Virginia"
"115","Jessica Boyd","27/04/1960","***-**-9784","Virginia"
"422","Corey Taylor","09/03/1966","***-**-4578","Mississippi"
"250","Frank Blankenship","17/11/1958","***-**-3591","Mississippi"
"638","Monica Montgomery","14/10/1975","***-**-3158","Mississippi"
"414","Tammy Patrick","07/09/1961","***-**-7381","New Mexico"
"127","Corey Sawyer","13/08/1982","***-**-9114","Delaware"
"440","Linda Anthony","23/01/1994","***-**-7298","South Dakota"
"594","Travis Patrick","12/10/1967","***-**-7968","Tennessee"
"114","Linda Davis","08/08/1975","***-**-0620","Connecticut"
"109","Anthony Adams","09/02/1962","***-**-1396","Vermont"
"515","Christopher Johnson","03/11/1959","***-**-5547","Connecticut"
"31","Tracy Austin","06/08/1980","***-**-1904","Rhode Island"
"605","Matthew Woodward","26/03/1978","***-**-6667","Idaho"
"421","Donna Cole","19/01/1973","***-**-3401","New York"
"536","Alexis Allen","11/08/1963","***-**-6449","Tennessee"
"267","Stephen Parker","18/03/1967","***-**-9288","Colorado"
"210","Nicole Johnson","01/05/1963","***-**-0265","Pennsylvania"
"560","Daniel Green","16/06/1976","***-**-7915","Alaska"
"302","Dylan Adams","16/04/1966","***-**-4597","Colorado"
"640","Jason Davis","06/06/1970","***-**-5627","Louisiana"
"449","Jennifer Conrad","08/10/1973","***-**-2874","Wyoming"
"202","Stephen Dawson","30/06/1985","***-**-5741","Arizona"
"168","Douglas Smith","07/04/1981","***-**-9028","Massachusetts"
"119","Diane Gray","26/10/1968","***-**-1654","Hawaii"
"613","Benjamin Gordon","26/07/1974","***-**-3940","Colorado"
"473","Stephanie Miller","08/09/1983","***-**-8885","Louisiana"
"615","Lynn Stout","17/09/1973","***-**-6531","Maine"
"10","Malik Scott","02/02/1958","***-**-4261","Idaho"
"86","David Brown","28/07/1973","***-**-5706","Oklahoma"
"500","Nathan Jenkins","11/01/1968","***-**-6468","Wisconsin"
"38","Maria Bryant","17/07/1970","***-**-3505","Massachusetts"
"633","Michael Griffin","15/09/1963","***-**-4120","Washington"
"530","Nathan Smith","17/04/1979","***-**-9334","California"
"177","James Jackson","01/06/1958","***-**-4595","California"
"266","Erika Jones","02/02/1977","***-**-1552","Alabama"
"4","Stephanie Leon","06/04/1967","***-**-0580","Delaware"
"12","Anthony Walker","25/12/1969","***-**-5284","Rhode Island"
"477","Richard Brooks","17/10/1962","***-**-5295","Kentucky"
"575","Matthew Bishop","10/06/1973","***-**-9588","New Jersey"
"37","Anthony Thompson","04/10/1990","***-**-1051","Massachusetts"
"360","Justin Garcia","21/09/1961","***-**-6120","North Carolina"
"134","Miguel Garcia","21/12/1964","***-**-5477","Ohio"
"416","Jeffrey Randolph","24/09/1976","***-**-2699","Indiana"
"45","Raymond Tran","09/04/1957","***-**-8575","Florida"
"441","Brandon Webb","10/09/1966","***-**-8353","Utah"
"323","Brandon Petersen","06/07/1982","***-**-1657","Tennessee"
"58","Bryce Ball","03/07/1994","***-**-1674","Arizona"
"639","Blake Watkins","25/02/1973","***-**-0572","North Carolina"
"484","Gregory Morales","21/08/1960","***-**-5605","Colorado"
"50","Alyssa Wall","24/08/1964","***-**-2643","Washington"
"533","Cynthia Garcia","11/11/1960","***-**-2024","Idaho"
"611","Amber Williams","03/12/1969","***-**-7515","New Mexico"
"563","Steve Stark","02/07/1957","***-**-7390","Michigan"
"562","Charles Baird","29/02/1968","***-**-2710","Florida"
"559","Mackenzie Hall","28/02/1990","***-**-6862","Alabama"
"481","Aaron King","29/05/1964","***-**-8792","South Dakota"
"195","Joshua Perez","08/02/1984","***-**-1226","Georgia"
"186","Alexander Valdez","24/10/1975","***-**-7833","North Dakota"
"160","Ashley Santos","18/06/1983","***-**-4884","Alabama"
"143","Joshua Stephens","11/04/1988","***-**-9528","Vermont"
"492","Steven Long","18/08/1994","***-**-4594","Texas"
"6","Jack Jackson","05/07/1975","***-**-4734","New York"
"88","Roberto Leonard","20/01/1992","***-**-8779","Massachusetts"
"161","Michael Park","05/06/1981","***-**-4033","New Mexico"
"83","Carl Reeves","11/12/1965","***-**-8325","Louisiana"
"254","Paul Lee","22/07/1976","***-**-7697","Indiana"
"464","Kathryn Ramirez","04/08/1960","***-**-0099","Ohio"
"284","Daniel Medina","31/10/1973","***-**-8215","Mississippi"
"25","Jesse Gomez","30/01/1961","***-**-3664","South Carolina"
"218","Brandon Good","01/08/1991","***-**-5586","Virginia"
"99","Sandra Suarez","08/06/1974","***-**-7890","Georgia"
"356","Jeffrey Stevenson","07/12/1957","***-**-3851","Connecticut"
"317","Richard Mcdonald","21/02/1957","***-**-8008","North Dakota"
"229","Joanna Castillo","07/03/1984","***-**-1576","Indiana"
"581","Angelica Reyes","06/06/1992","***-**-7139","Arkansas"
"452","Jennifer Wright","06/03/1976","***-**-3901","New Mexico"
"518","James Porter","30/06/1957","***-**-1319","California"
"479","Krystal Brown","31/01/1961","***-**-8909","Texas"
"245","Christopher Reyes","01/02/1981","***-**-4713","Indiana"
"653","Luis Lewis","18/07/1965","***-**-3601","Hawaii"
"19","Lynn Owens","24/03/1985","***-**-8776","Rhode Island"
"650","Anthony Phillips","12/12/1960","***-**-3754","New Jersey"
"137","Jessica Mcdonald","29/12/1970","***-**-2911","Mississippi"
"619","Michelle Allen","13/09/1972","***-**-8147","Tennessee"
"654","Victor Webb","17/01/1959","***-**-2267","Tennessee"
"201","Martin Melton","06/04/1972","***-**-7978","New York"
"165","Pamela Miles","15/11/1962","***-**-5312","North Carolina"
"310","Christopher Compton","05/09/1958","***-**-6855","South Carolina"
"141","Annette Rice","15/03/1959","***-**-1866","Florida"
"600","Travis Meza","10/01/1974","***-**-4313","New Jersey"
"529","Brian Baker","28/07/1976","***-**-2839","Illinois"
"369","Sharon Lee","23/10/1967","***-**-7596","Delaware"
"32","Brian Sparks","14/02/1967","***-**-8194","Hawaii"
"522","Dana Ryan","10/10/1962","***-**-3761","Virginia"
"651","Maria Stevens","12/05/1958","***-**-9113","California"
"608","Julia Berry","17/06/1960","***-**-3759","New Hampshire"
"336","Sarah Williams","12/09/1964","***-**-3882","Iowa"
"516","Trevor Short","29/07/1980","***-**-2488","North Dakota"
"514","Michael Johnson","11/04/1962","***-**-6015","Maine"
"426","Louis Cross","13/11/1959","***-**-7111","Colorado"
"497","Ryan Smith","24/04/1964","***-**-2228","Oklahoma"
"468","Joan Carter","06/01/1964","***-**-8092","Kentucky"
"24","Karen Franklin","17/06/1967","***-**-4888","Vermont"
"221","Christian Palmer","30/04/1992","***-**-6104","Alabama"
"217","Kristopher Smith","20/10/1982","***-**-3545","Hawaii"
"399","Cheryl Velez","21/07/1963","***-**-3300","Tennessee"
"285","Jeffrey Harris","20/12/1993","***-**-9625","Mississippi"
"21","Jamie Doyle","11/06/1984","***-**-1529","Nevada"
"447","Adam Sims","20/12/1973","***-**-6337","Idaho"
"601","Joshua Griffith","01/08/1984","***-**-3344","Hawaii"
"378","Donald Koch","02/10/1989","***-**-5788","Connecticut"
"548","Wendy Leonard","18/03/1957","***-**-7962","Hawaii"
"42","Dana Hubbard","06/08/1980","***-**-4700","Florida"
"344","Brett Carson","27/02/1970","***-**-5338","Oklahoma"
"252","Erica Peters","05/11/1980","***-**-0341","South Carolina"
"428","William Carter","31/01/1989","***-**-1954","Vermont"
"220","Karen Taylor","29/01/1986","***-**-6243","Arizona"
"118","Virginia Cobb","04/12/1978","***-**-9307","Michigan"
"618","Tamara Watson","18/08/1968","***-**-6329","New Jersey"
"370","John Middleton","24/07/1983","***-**-7354","Oregon"
"23","Alex Cruz","23/12/1964","***-**-4744","Connecticut"
"511","Theresa Crawford","08/01/1973","***-**-9276","Illinois"
"43","Glenn Chavez","29/11/1970","***-**-5246","Nebraska"
"311","Carrie Davis","16/07/1963","***-**-7399","Wisconsin"
"136","Michael Haynes","13/09/1974","***-**-3346","Nebraska"
"72","Michele Arellano","12/04/1981","***-**-5875","Indiana"
"65","Gina Stevens","05/04/1992","***-**-2359","Pennsylvania"
"577","Elizabeth Hatfield","07/04/1959","***-**-7821","New Mexico"
"35","Michael Reyes","21/07/1958","***-**-1842","Florida"
"296","Spencer Wilson","18/09/1959","***-**-7753","Indiana"
"578","Kevin Smith","26/08/1992","***-**-8582","Indiana"
"98","Steven Giles","19/11/1980","***-**-2061","Virginia"
"569","Mario Butler","03/05/1979","***-**-3035","Massachusetts"
"248","Billy Romero","29/01/1958","***-**-3100","Vermont"
"433","Katie Miller","09/07/1970","***-**-7579","Massachusetts"
"307","William Salinas","24/04/1983","***-**-6013","Missouri"
"398","Kendra Alvarado","07/10/1957","***-**-0633","California"
"60","Kimberly Wright","20/03/1979","***-**-9022","Ohio"
"282","Judy Nelson","17/10/1968","***-**-2012","Nevada"
"436","Alexandra Golden","08/04/1978","***-**-3418","North Dakota"
"318","Patricia Park","28/07/1965","***-**-5775","Colorado"
"494","Kylie Chavez","10/01/1965","***-**-3816","Connecticut"
"644","Randy Edwards","29/06/1980","***-**-9087","Oregon"
"413","Glenda Hebert","18/05/1987","***-**-7625","New York"
"345","Erin Garrett","29/04/1980","***-**-5815","South Dakota"
"123","Donna Floyd","30/03/1957","***-**-1819","South Dakota"
"208","Brandon Watson","12/02/1974","***-**-3375","Pennsylvania"
"346","Paul Patterson","22/02/1985","***-**-4729","Pennsylvania"
"385","Hannah Henderson","21/12/1960","***-**-5897","Pennsylvania"
"454","Autumn Smith","24/07/1974","***-**-7279","California"
"209","Steven Contreras","31/05/1986","***-**-6852","Delaware"
"271","Miguel Russell","25/09/1986","***-**-0302","Utah"
"152","Kim Martin","03/08/1964","***-**-3452","South Carolina"
"283","Heidi Proctor","31/01/1993","***-**-9545","Ohio"
"592","Nicholas May","19/06/1976","***-**-8728","Kansas"
"469","Michael Nunez","22/06/1982","***-**-9379","West Virginia"
"306","Gregory Bowen","05/07/1981","***-**-1510","Ohio"
"237","Jennifer Juarez","30/06/1969","***-**-9009","Oklahoma"
"457","April Williamson","25/10/1990","***-**-8318","Kansas"
"293","Francisco Smith","12/08/1972","***-**-1836","North Dakota"
"374","Roger Taylor","02/11/1975","***-**-6293","Georgia"
"276","Gabriela Williams","10/01/1976","***-**-5792","Arizona"
"112","Stephanie Pittman","05/12/1965","***-**-0840","Maryland"
"333","Sarah Porter","09/08/1962","***-**-3997","Arizona"
"546","Ernest Cooper","24/09/1971","***-**-2003","New Jersey"
"496","Alexandra Fisher","06/03/1976","***-**-2206","Alaska"
"504","Henry Turner","20/11/1984","***-**-7954","Oklahoma"
"126","Charles Rogers","31/08/1984","***-**-8407","Nevada"
"418","Keith Lynch","26/02/1988","***-**-4803","Iowa"
"566","Lindsay Bowman","24/08/1972","***-**-8895","Alabama"
"249","Jennifer Lutz","05/07/1990","***-**-2943","Rhode Island"
"624","Mark Mills","20/11/1962","***-**-7406","Arkansas"
"358","Dawn Thomas","05/08/1960","***-**-0942","North Carolina"
"197","Keith Tyler","10/05/1975","***-**-7953","Missouri"
"538","Joseph Smith","12/03/1960","***-**-3836","Louisiana"
"164","Michael Dudley","10/03/1966","***-**-3459","South Dakota"
"450","Blake Bowman","17/01/1961","***-**-8076","North Dakota"
"602","Amy Graves","22/08/1994","***-**-9448","South Carolina"
"239","Robert Hill","03/10/1968","***-**-8902","Arkansas"
"627","Robert Davis","13/08/1988","***-**-5405","Maryland"
"459","Tammy Horton","06/03/1981","***-**-0677","Rhode Island"
"394","Allison Watkins","27/03/1992","***-**-1605","Nevada"
"554","James Mathis","29/11/1989","***-**-3276","Iowa"
"90","Sabrina Shelton","03/02/1958","***-**-2668","Idaho"
"364","Rachel Coleman","26/10/1983","***-**-7638","South Dakota"
"574","William Cantrell","17/08/1973","***-**-4706","California"
"607","Donna Carroll","16/09/1968","***-**-9127","Massachusetts"
"157","Tammy Harris","26/01/1961","***-**-8283","Ohio"
"241","Debra Pena","16/10/1957","***-**-9872","Minnesota"
"558","James Reilly","01/03/1957","***-**-7935","South Dakota"
"324","Robert Krause","11/03/1957","***-**-5246","New Mexico"
"183","Chad Crawford","05/11/1990","***-**-0638","Illinois"
"381","Luke Huerta","05/01/1986","***-**-5912","Michigan"
"505","Corey Long","06/09/1978","***-**-9787","Missouri"
"437","Joshua Flores","30/10/1987","***-**-5727","Nebraska"
"135","Jeffery Collins","01/06/1993","***-**-4791","Kentucky"
"27","Michael Clements","03/01/1994","***-**-6223","North Carolina"
"48","Christopher Williams","23/02/1977","***-**-6535","Hawaii"
"286","Laura Mata","22/10/1966","***-**-5794","Alabama"
"308","Jessica Campbell","16/09/1968","***-**-2121","Florida"
"163","Kristy Hebert","12/11/1973","***-**-9892","Washington"
"275","Rachel Silva","19/11/1974","***-**-3474","North Dakota"
"521","Tyrone Dean","31/01/1986","***-**-5932","Virginia"
"53","Angela White","17/02/1963","***-**-2921","Maine"
"539","Teresa Bell","12/05/1975","***-**-1580","Indiana"
"482","Edwin Williams","27/07/1981","***-**-6206","Pennsylvania"
"342","Hannah Hicks","05/06/1978","***-**-9383","Louisiana"
"150","Kevin Rivera","14/03/1994","***-**-8418","Delaware"
"448","Trevor Jones","28/07/1959","***-**-5747","Oregon"
"604","Emily Silva","24/04/1989","***-**-5242","Minnesota"
"154","Emma Thomas","25/02/1960","***-**-2668","North Dakota"
"591","Lisa Myers","22/07/1980","***-**-7446","Wisconsin"
"196","Jennifer King","04/02/1975","***-**-2581","Maryland"
"507","Dylan Walker","01/11/1971","***-**-4143","Georgia"
"409","Andrea Snyder","10/07/1981","***-**-3882","Kentucky"
"629","Samuel Lane","09/02/1992","***-**-2267","Oklahoma"
"305","Jennifer Cameron","16/05/1962","***-**-7541","Oregon"
"297","Rodney Cross","14/06/1985","***-**-4949","Nebraska"
"133","Dustin Brown","18/12/1990","***-**-3364","Oregon"
"125","Krista Mack","30/09/1969","***-**-0563","South Dakota"
"106","Luis Ruiz","01/02/1977","***-**-4894","Nevada"
"335","Cassandra Johnson","01/12/1991","***-**-0203","Alabama"
"648","Ruth Nichols","21/07/1990","***-**-7608","Nebraska"
"332","Pamela Dean","15/08/1987","***-**-3302","Connecticut"
"175","Beth Lee","08/12/1961","***-**-1371","Minnesota"
"104","Christopher Martin","26/04/1977","***-**-9812","Wyoming"
"314","Amanda Johnson","03/09/1974","***-**-7153","Massachusetts"
"551","Joseph Barnett","24/10/1959","***-**-1644","Oregon"
"124","Maria Burns","24/11/1979","***-**-9488","West Virginia"
"8","Kevin Riley","05/09/1962","***-**-5605","West Virginia"
"251","Brian Reyes","15/07/1962","***-**-0510","West Virginia"
"643","Jeffrey Robinson","21/06/1958","***-**-6490","Missouri"
"238","David Gardner","05/09/1961","***-**-8396","Florida"
"303","Tracey Downs","28/02/1974","***-**-4596","New Mexico"
"519","Cody Ramirez","15/10/1982","***-**-7950","Louisiana"
"178","Heather Gray","09/05/1981","***-**-6848","Kansas"
"458","Erika Lewis","15/02/1960","***-**-9111","Colorado"
"207","Ronald Maynard","22/11/1978","***-**-9020","Kentucky"
"598","Ashley Saunders","11/06/1991","***-**-5309","Georgia"
"352","Paul Kaufman","02/11/1978","***-**-0964","Iowa"
"645","Nathan Rosario","15/06/1964","***-**-5027","New York"
"146","Melissa Nguyen","06/10/1978","***-**-1193","Minnesota"
"51","Mitchell Gill","27/07/1989","***-**-7598","Kentucky"
"512","Michael Shaw","18/04/1977","***-**-8249","Oregon"
"467","Crystal Jones","20/12/1972","***-**-8160","Maryland"
"179","Jasmine Harrison","04/12/1957","***-**-0602","West Virginia"
"54","Chase Grant","04/05/1985","***-**-1229","Kansas"
"570","Shawn Kidd","10/04/1961","***-**-4240","Minnesota"
"527","Chris Robinson","24/01/1970","***-**-1013","South Carolina"
"288","Carla Smith","05/05/1969","***-**-6182","Alabama"
"382","Kimberly Burns","30/01/1985","***-**-5610","California"
"408","Lori Sullivan","05/10/1992","***-**-4062","New York"
"147","Jennifer Williams","25/02/1994","***-**-7025","Maine"
"198","John Lamb","09/03/1986","***-**-1494","Colorado"
"194","Joanne Lamb","28/06/1974","***-**-6922","Louisiana"
"206","David Brown","27/12/1978","***-**-4274","Delaware"
"76","Scott Leach","03/04/1985","***-**-5144","Arkansas"
"432","Andrew Tyler","08/04/1970","***-**-3511","Iowa"
